"0","stargazer::stargazer(mod)
"
"2","length of NULL cannot be changed"
"2","length of NULL cannot be changed"
"2","length of NULL cannot be changed"
"2","length of NULL cannot be changed"
"2","length of NULL cannot be changed"
"1","
"
"1","% Table created by "
"1",""
"1","stargazer"
"1",""
"1"," v."
"1",""
"1","5.2.2"
"1",""
"1"," by "
"1",""
"1","Marek Hlavac"
"1",""
"1",", "
"1",""
"1","Harvard University"
"1",""
"1",". E-mail: "
"1",""
"1","hlavac at fas.harvard.edu"
"1",""
"1","
"
"1","% Date and time:"
"1"," "
"1","s√°., abr. 04, 2020 - 21:32:26"
"1","
"
"1","\begin{"
"1",""
"1","table"
"1",""
"1","}["
"1",""
"1","!htbp"
"1",""
"1","] \centering 
"
"1","  \caption{"
"1",""
"1",""
"1",""
"1","} 
"
"1","  \label{"
"1",""
"1",""
"1",""
"1","} 
"
"1","\begin{tabular}{"
"1",""
"1","@{\extracolsep{5pt}}lc"
"1",""
"1","} 
"
"1","\\["
"1",""
"1","-1.8ex"
"1",""
"1","]"
"1","\hline 
"
"1","\hline "
"1","\\["
"1",""
"1","-1.8ex"
"1",""
"1","]"
"1"," 
"
"1"," & \multicolumn{"
"1",""
"1","1"
"1",""
"1","}{c}{"
"1",""
"1","\textit{Dependent variable:}"
"1",""
"1","} \\ 
"
"1","\cline{2-"
"1",""
"1","2"
"1",""
"1","} 
"
"1","\\["
"1",""
"1","-1.8ex"
"1",""
"1","]"
"1",""
"1"," & "
"1",""
"1",""
"1",""
"1","y"
"1",""
"1",""
"1"," \\ 
"
"1","\hline "
"1","\\["
"1",""
"1","-1.8ex"
"1",""
"1","]"
"1"," 
"
"1"," "
"1",""
"1",""
"1",""
"1","x1"
"1",""
"1",""
"1"," & "
"1",""
"1","$-$0.844"
"1","$"
"1",""
"1","^{"
"1",""
"1","***"
"1",""
"1","}"
"1",""
"1","$"
"1"," \\ 
 "
"1"," & "
"1",""
"1","("
"1",""
"1","0.049"
"1",""
"1",")"
"1"," \\ 
 "
"1"," "
"1","& "
"1","\\ 
"
"1"," "
"1",""
"1",""
"1",""
"1","x2"
"1",""
"1",""
"1"," & "
"1",""
"1","1.001"
"1","$"
"1",""
"1","^{"
"1",""
"1","***"
"1",""
"1","}"
"1",""
"1","$"
"1"," \\ 
 "
"1"," & "
"1",""
"1","("
"1",""
"1","0.054"
"1",""
"1",")"
"1"," \\ 
 "
"1"," "
"1","& "
"1","\\ 
"
"1"," "
"1",""
"1",""
"1",""
"1","Constant"
"1",""
"1",""
"1"," & "
"1",""
"1","$-$0.969"
"1","$"
"1",""
"1","^{"
"1",""
"1","***"
"1",""
"1","}"
"1",""
"1","$"
"1"," \\ 
 "
"1"," & "
"1",""
"1","("
"1",""
"1","0.048"
"1",""
"1",")"
"1"," \\ 
 "
"1"," "
"1","& "
"1","\\ 
"
"1","\hline "
"1","\\["
"1",""
"1","-1.8ex"
"1",""
"1","]"
"1"," 
"
"1","Observations"
"1"," & "
"1",""
"1","3,000"
"1"," \\ 
"
"1","Log Likelihood"
"1"," & "
"1",""
"1","$-$1,526.374"
"1"," \\ 
"
"1","Akaike Inf. Crit."
"1"," & "
"1",""
"1","3,058.747"
"1"," \\ 
"
"1","\hline 
"
"1","\hline "
"1","\\["
"1",""
"1","-1.8ex"
"1",""
"1","]"
"1"," 
"
"1","\textit{Note:} "
"1"," & \multicolumn{"
"1",""
"1","1"
"1",""
"1","}{"
"1",""
"1","r"
"1",""
"1","}{"
"1",""
"1","$^{*}$p$<$0.1; $^{**}$p$<$0.05; $^{***}$p$<$0.01"
"1",""
"1","} \\ 
"
"1","\end{tabular} 
"
"1","\end{"
"1",""
"1","table"
"1",""
"1","} 
"
"2","length of NULL cannot be changed"
"2","length of NULL cannot be changed"
"2","length of NULL cannot be changed"
"2","length of NULL cannot be changed"
"2","length of NULL cannot be changed"
